model,train_loss,num_tokens,completions/mean_length,completions/clipped_ratio,completions/mean_terminated_length,rewards/answer_reward/mean,rewards/answer_reward/std,rewards/citation_reward/mean,rewards/citation_reward/std,rewards/formatting_reward/mean,rewards/formatting_reward/std,rewards/repetition_reward/mean,rewards/repetition_reward/std,reward,reward_std,kl,entropy
9b_curriculum,-0.02893551406653031,8230030.0,208.87926136363637,0.5340909090909091,164.42437414689496,2.6898557649375023,2.646183325062421,0.8650568181818182,1.2511629435149105,-1.9289772727272727,0.21946635774590753,-0.1903409090909091,0.5524650405753743,1.4355943881991236,2.8777242573824795,0.0010001895924770824,1.0857597459107637
9b_random,-0.028516163737137126,8216398.0,205.8068181818182,0.53125,160.24675265225497,2.879046356136149,2.8635902404785156,0.8693181818181818,1.262412816286087,-1.9318181818181819,0.19758602164008401,-0.23011363636363635,0.6165201020511714,1.5864327279004184,3.0593007152730767,0.0010453681550808885,1.0488550859418782
1.4b_curriculum,0.002011073495399679,8558549.0,242.5632911392405,0.8639240506329114,64.6962027247948,1.3435849831734277,0.9597535962592575,1.4050632911392404,0.6369684527191934,-1.9968354430379747,0.006329113924050633,-0.6139240506329114,0.9447883337358886,0.13788878615898423,1.9230872472995728,0.0009250142622615293,2.685388453399079
1.4b_random,0.0020343633545559015,8566506.0,243.75632911392404,0.8955696202531646,51.85443037974684,1.3792677444134709,0.9027505548423321,1.3670886075949367,0.7610677903211569,-1.9968354430379747,0.006329113924050633,-0.4873417721518987,0.7707700819908818,0.26217913853971264,1.7105034962502792,0.000949150561690301,2.697427856111074
