{"9b_curriculum":{"train_runtime": 30241.1251, "train_samples_per_second": 0.085, "train_steps_per_second": 0.021, "total_flos": 0.0, "train_loss": -0.02893551406653031, "num_tokens": 8230030.0, "completions/mean_length": 208.87926136363637, "completions/min_length": 64.02272727272727, "completions/max_length": 256.0, "completions/clipped_ratio": 0.5340909090909091, "completions/mean_terminated_length": 164.42437414689496, "completions/min_terminated_length": 73.6590909090909, "completions/max_terminated_length": 234.27272727272728, "rewards/answer_reward/mean": 2.6898557649375023, "rewards/answer_reward/std": 2.646183325062421, "rewards/citation_reward/mean": 0.8650568181818182, "rewards/citation_reward/std": 1.2511629435149105, "rewards/formatting_reward/mean": -1.9289772727272727, "rewards/formatting_reward/std": 0.21946635774590753, "rewards/repetition_reward/mean": -0.1903409090909091, "rewards/repetition_reward/std": 0.5524650405753743, "reward": 1.4355943881991236, "reward_std": 2.8777242573824795, "frac_reward_zero_std": 0.0, "sampling/sampling_logp_difference/mean": 0.08418848704208028, "sampling/sampling_logp_difference/max": 5.347854267467152, "sampling/importance_sampling_ratio/min": 0.014640035343538992, "sampling/importance_sampling_ratio/mean": 0.9955602003769441, "sampling/importance_sampling_ratio/max": 2.0, "kl": 0.0010001895924770824, "entropy": 1.0857597459107637, "clip_ratio/low_mean": 0.0, "clip_ratio/low_min": 0.0, "clip_ratio/high_mean": 0.0, "clip_ratio/high_max": 0.0, "clip_ratio/region_mean": 0.0, "epoch": 1.0}, 
"9b_random":{"train_runtime": 21057.1993, "train_samples_per_second": 0.122, "train_steps_per_second": 0.031, "total_flos": 0.0, "train_loss": -0.028516163737137126, "num_tokens": 8216398.0, "completions/mean_length": 205.8068181818182, "completions/min_length": 60.61363636363637, "completions/max_length": 256.0, "completions/clipped_ratio": 0.53125, "completions/mean_terminated_length": 160.24675265225497, "completions/min_terminated_length": 65.93181818181819, "completions/max_terminated_length": 234.9090909090909, "rewards/answer_reward/mean": 2.879046356136149, "rewards/answer_reward/std": 2.8635902404785156, "rewards/citation_reward/mean": 0.8693181818181818, "rewards/citation_reward/std": 1.262412816286087, "rewards/formatting_reward/mean": -1.9318181818181819, "rewards/formatting_reward/std": 0.19758602164008401, "rewards/repetition_reward/mean": -0.23011363636363635, "rewards/repetition_reward/std": 0.6165201020511714, "reward": 1.5864327279004184, "reward_std": 3.0593007152730767, "frac_reward_zero_std": 0.0, "sampling/sampling_logp_difference/mean": 0.08249658346176147, "sampling/sampling_logp_difference/max": 5.555378751321272, "sampling/importance_sampling_ratio/min": 0.021502363521986725, "sampling/importance_sampling_ratio/mean": 0.9947150918570432, "sampling/importance_sampling_ratio/max": 1.999292335726998, "kl": 0.0010453681550808885, "entropy": 1.0488550859418782, "clip_ratio/low_mean": 0.0, "clip_ratio/low_min": 0.0, "clip_ratio/high_mean": 0.0, "clip_ratio/high_max": 0.0, "clip_ratio/region_mean": 0.0, "epoch": 1.0},
"1.4b_curriculum":{"train_runtime": 34908.9716, "train_samples_per_second": 0.074, "train_steps_per_second": 0.074, "total_flos": 0.0, "train_loss": 0.002011073495399679, "num_tokens": 8558549.0, "completions/mean_length": 242.5632911392405, "completions/min_length": 210.21518987341773, "completions/max_length": 256.0, "completions/clipped_ratio": 0.8639240506329114, "completions/mean_terminated_length": 64.6962027247948, "completions/min_terminated_length": 61.151898734177216, "completions/max_terminated_length": 68.10126582278481, "rewards/answer_reward/mean": 1.3435849831734277, "rewards/answer_reward/std": 0.9597535962592575, "rewards/citation_reward/mean": 1.4050632911392404, "rewards/citation_reward/std": 0.6369684527191934, "rewards/formatting_reward/mean": -1.9968354430379747, "rewards/formatting_reward/std": 0.006329113924050633, "rewards/repetition_reward/mean": -0.6139240506329114, "rewards/repetition_reward/std": 0.9447883337358886, "reward": 0.13788878615898423, "reward_std": 1.9230872472995728, "frac_reward_zero_std": 0.24050632911392406, "kl": 0.0009250142622615293, "entropy": 2.685388453399079, "clip_ratio/low_mean": 0.0, "clip_ratio/low_min": 0.0, "clip_ratio/high_mean": 0.0, "clip_ratio/high_max": 0.0, "clip_ratio/region_mean": 0.0, "epoch": 1.0},
"1.4b_random":{"train_runtime": 34456.388, "train_samples_per_second": 0.075, "train_steps_per_second": 0.075, "total_flos": 0.0, "train_loss": 0.0020343633545559015, "num_tokens": 8566506.0, "completions/mean_length": 243.75632911392404, "completions/min_length": 211.69620253164558, "completions/max_length": 256.0, "completions/clipped_ratio": 0.8955696202531646, "completions/mean_terminated_length": 51.85443037974684, "completions/min_terminated_length": 49.67088607594937, "completions/max_terminated_length": 54.037974683544306, "rewards/answer_reward/mean": 1.3792677444134709, "rewards/answer_reward/std": 0.9027505548423321, "rewards/citation_reward/mean": 1.3670886075949367, "rewards/citation_reward/std": 0.7610677903211569, "rewards/formatting_reward/mean": -1.9968354430379747, "rewards/formatting_reward/std": 0.006329113924050633, "rewards/repetition_reward/mean": -0.4873417721518987, "rewards/repetition_reward/std": 0.7707700819908818, "reward": 0.26217913853971264, "reward_std": 1.7105034962502792, "frac_reward_zero_std": 0.22784810126582278, "kl": 0.000949150561690301, "entropy": 2.697427856111074, "clip_ratio/low_mean": 0.0, "clip_ratio/low_min": 0.0, "clip_ratio/high_mean": 0.0, "clip_ratio/high_max": 0.0, "clip_ratio/region_mean": 0.0, "epoch": 1.0}
}