{
    "multifieldqa_en.jsonl": {
        "avg_context_length": 7159.78,
        "avg_f1": 0.19848537240366673,
        "avg_precision": 0.16109191684926266,
        "avg_recall": 0.4459936532049535,
        "total_examples": 150,
        "num_entries": 150
    }
}