{
    "2wikimqa.jsonl": {
        "avg_context_length": 7507.235,
        "avg_f1": 0.12282091084486473,
        "avg_precision": 0.10273490185807255,
        "avg_recall": 0.35609523809523813,
        "total_examples": 200,
        "num_entries": 200
    }
}