{
    "multifieldqa_en.jsonl": {
        "avg_context_length": 7159.78,
        "avg_f1": 0.22970820239617112,
        "avg_precision": 0.19235468375516473,
        "avg_recall": 0.4709626112621469,
        "total_examples": 150,
        "num_entries": 150
    }
}