{
    "hotpotqa.jsonl": {
        "avg_context_length": 14625.5,
        "avg_f1": 0.0031152647975077885,
        "avg_precision": 0.0015723270440251573,
        "avg_recall": 0.16666666666666666,
        "total_examples": 2,
        "num_entries": 2
    }
}