{
    "2wikimqa.jsonl": {
        "avg_context_length": 7776.913043478261,
        "avg_f1": 0.08617891400673568,
        "avg_precision": 0.0694659600386312,
        "avg_recall": 0.35000000000000003,
        "total_examples": 23,
        "num_entries": 23
    }
}