{
    "qasper.jsonl": {
        "avg_context_length": 5165.24,
        "avg_f1": 0.21095461430937346,
        "avg_precision": 0.16882215306338247,
        "avg_recall": 0.4306857589013889,
        "total_examples": 200,
        "num_entries": 200
    }
}