{
    "qasper.jsonl": {
        "avg_context_length": 5165.24,
        "avg_f1": 0.21242659831659474,
        "avg_precision": 0.1713872001584776,
        "avg_recall": 0.4169904786805614,
        "total_examples": 200,
        "num_entries": 200
    }
}