{
    "hotpotqa.jsonl": {
        "avg_context_length": 13516.055,
        "avg_f1": 0.03879694573414909,
        "avg_precision": 0.03346117184382277,
        "avg_recall": 0.2737790404040404,
        "total_examples": 200,
        "num_entries": 200
    }
}