{
    "2wikimqa.jsonl": {
        "avg_context_length": 7507.235,
        "avg_f1": 0.13186111938821177,
        "avg_precision": 0.11017383568889608,
        "avg_recall": 0.4022142857142857,
        "total_examples": 200,
        "num_entries": 200
    }
}