{
    "hotpotqa.jsonl": {
        "avg_context_length": 13516.055,
        "avg_f1": 0.033407457258635476,
        "avg_precision": 0.028027947402170912,
        "avg_recall": 0.254334595959596,
        "total_examples": 200,
        "num_entries": 200
    }
}